geolocation_zip_code_prefix,geolocation_lat,geolocation_lng,geolocation_city,geolocation_state,state,lat,long,StoreId
1037,-23.54562128,-46.63929205,sao paulo,SP,Alaska,54.143,-165.7854,1
1046,-23.54608113,-46.6448203,sao paulo,SP,Alaska,55.1858,-162.7211,2
1046,-23.54612897,-46.64295148,sao paulo,SP,Alaska,54.8542,-163.4113,3
1041,-23.54439216,-46.63949931,sao paulo,SP,Alaska,55.0628,-162.3056,4
1035,-23.54157796,-46.64160722,sao paulo,SP,Alaska,55.3192,-160.4914,1
1012,-23.5477623,-46.63536054,são paulo,SP,Alaska,51.874,-176.634,2
1047,-23.54627311,-46.64122517,sao paulo,SP,Alaska,52.1961,-174.2006,3
1013,-23.54692321,-46.6342637,sao paulo,SP,Alaska,56.5944,-169.6186,4
1029,-23.54376906,-46.63427784,sao paulo,SP,Alaska,52.9381,-168.8678,1
1011,-23.54763955,-46.63603162,sao paulo,SP,Alaska,57.1842,-170.2764,2
1014,-23.54708227,-46.63340844,sao paulo,SP,Alabama,32.4625,-86.7149,1
1042,-23.5447206,-46.64051557,sao paulo,SP,Alabama,32.6596,-86.7178,2
1009,-23.5469354,-46.63658793,sao paulo,SP,Alabama,32.5016,-86.5727,3
1045,-23.54275398,-46.64148203,sao paulo,SP,Alabama,32.6841,-86.4946,4
1036,-23.54282808,-46.63939931,são paulo,SP,Alabama,32.4787,-86.43,1
1004,-23.54951309,-46.63471931,sao paulo,SP,Alabama,32.4715,-86.4831,2
1035,-23.5404397,-46.64371578,sao paulo,SP,Alabama,32.464,-86.4597,3
1005,-23.54981909,-46.63560589,sao paulo,SP,Alabama,32.5104,-86.8138,4
1044,-23.54468934,-46.64222374,sao paulo,SP,Alabama,30.8635,-87.7644,1
1008,-23.54526116,-46.63554571,sao paulo,SP,Alabama,30.3128,-87.7431,2
1037,-23.54519874,-46.63791575,sao paulo,SP,Alabama,30.6197,-87.8895,1
1005,-23.54875839,-46.63841095,sao paulo,SP,Alabama,30.6959,-87.8867,2
1032,-23.53701971,-46.63435857,sao paulo,SP,Alabama,30.3942,-87.589,3
1035,-23.54394733,-46.6373965,sao paulo,SP,Alabama,30.5012,-87.8835,4
1017,-23.54981335,-46.63035027,são paulo,SP,Alabama,30.4841,-87.8606,1
1046,-23.54573128,-46.64319919,sao paulo,SP,Alabama,30.4007,-87.6857,2
1014,-23.54606595,-46.6334745,sao paulo,SP,Alabama,30.4222,-87.7064,3
1042,-23.54505165,-46.64007245,são paulo,SP,Alabama,30.2717,-87.7589,4
1046,-23.54510615,-46.64381019,sao paulo,SP,Alabama,30.246,-87.7008,1
1019,-23.55138749,-46.63143237,são paulo,SP,Alabama,30.3972,-87.4745,2
1046,-23.54639669,-46.64305934,sao paulo,SP,Alabama,31.2246,-87.7548,1
1050,-23.54984752,-46.64562246,sao paulo,SP,Alabama,30.618,-87.7562,2
1029,-23.54376906,-46.63427784,sao paulo,SP,Alabama,30.3996,-87.7761,3
1019,-23.55150051,-46.63131237,sao paulo,SP,Alabama,30.5623,-87.9005,4
1013,-23.54768632,-46.63413977,sao paulo,SP,Alabama,30.281,-87.5815,1
1008,-23.54801354,-46.63709743,sao paulo,SP,Alabama,31.0403,-87.6667,2
1001,-23.5496983,-46.63390859,sao paulo,SP,Alabama,30.4741,-87.9192,3
1034,-23.54196702,-46.63707836,sao paulo,SP,Alabama,30.5616,-87.6373,4
1025,-23.54002629,-46.62858943,sao paulo,SP,Alabama,30.5048,-87.4659,1
1026,-23.53984025,-46.63026399,são paulo,SP,Alabama,30.5222,-87.7457,2
1038,-23.54474047,-46.64112923,sao paulo,SP,Alabama,30.6749,-87.9153,1
1016,-23.54849513,-46.63349063,sao paulo,SP,Alabama,30.7476,-87.7787,2
1048,-23.54763491,-46.64115924,sao paulo,SP,Alabama,31.0129,-87.8633,3
1009,-23.5469354,-46.63658793,são paulo,SP,Alabama,30.4752,-87.6992,4
1047,-23.54587978,-46.64067372,sao paulo,SP,Alabama,31.8874,-85.4509,1
1036,-23.54017643,-46.64415914,sao paulo,SP,Alabama,31.6852,-85.5904,2
1003,-23.54896048,-46.63617216,sao paulo,SP,Alabama,31.9051,-85.1656,3
1022,-23.54498661,-46.63345367,sao paulo,SP,Alabama,31.7943,-85.5581,4
1030,-23.54332618,-46.63336426,sao paulo,SP,Alabama,31.8913,-85.1455,1
1041,-23.54371285,-46.64026323,sao paulo,SP,Alabama,32.9357,-87.2114,2
1032,-23.54137741,-46.63573484,sao paulo,SP,Alabama,33.0427,-86.9517,1
1041,-23.54353945,-46.64057731,sao paulo,SP,Alabama,32.9503,-87.1192,2
1046,-23.54625296,-46.64521736,sao paulo,SP,Alabama,33.2251,-87.1264,3
1005,-23.5494715,-46.63740388,sao paulo,SP,Alabama,33.1424,-87.1369,4
1014,-23.54463184,-46.6339372,sao paulo,SP,Alabama,33.2068,-87.15,1
1031,-23.54252079,-46.63533516,sao paulo,SP,Alabama,32.8888,-86.907,2
1018,-23.55214315,-46.63270721,são paulo,SP,Alabama,32.8646,-86.9567,3
1019,-23.55140553,-46.63058033,sao paulo,SP,Alabama,33.9222,-86.4493,4
1007,-23.54816616,-46.63823833,são paulo,SP,Alabama,34.0929,-86.5686,1
1012,-23.54799237,-46.63463255,são paulo,SP,Alabama,33.9778,-86.5598,2
1042,-23.54415076,-46.64122339,sao paulo,SP,Alabama,33.9534,-86.7455,1
1017,-23.54968992,-46.63051281,sao paulo,SP,Alabama,33.905,-86.6261,2
1033,-23.5368108,-46.63572116,sao paulo,SP,Alabama,33.9259,-86.4741,3
1001,-23.55142666,-46.63407395,sao paulo,SP,Alabama,33.8168,-86.6008,4
1046,-23.54560664,-46.64432449,sao paulo,SP,Alabama,32.2165,-85.8888,1
1031,-23.54252079,-46.63533516,são paulo,SP,Alabama,32.0955,-85.5315,2
1027,-23.537594,-46.63035901,sao paulo,SP,Alabama,34.0934,-87.6008,3
1020,-23.55253336,-46.62960898,sao paulo,SP,Arkansas,34.4146,-91.431,4
1048,-23.54744892,-46.64016924,sao paulo,SP,Arkansas,34.5095,-91.299,1
1046,-23.54608113,-46.6448203,sao paulo,SP,Arkansas,34.4528,-91.2692,2
1010,-23.54780696,-46.63612182,sao paulo,SP,Arkansas,34.2853,-91.3336,1
1009,-23.54634051,-46.6362385,sao paulo,SP,Arkansas,34.2435,-91.1398,2
1039,-23.54204501,-46.64010847,sao paulo,SP,Arkansas,34.1218,-91.38,3
1011,-23.54669049,-46.63544696,sao paulo,SP,Arkansas,34.4034,-91.679,4
1015,-23.5477507,-46.63354573,sao paulo,SP,Arkansas,34.3878,-91.1463,1
1017,-23.55011991,-46.63173986,são paulo,SP,Arkansas,34.4854,-91.5487,2
1046,-23.54639669,-46.64305934,sao paulo,SP,Arkansas,34.0893,-91.2437,3
1124,-23.52923557,-46.63396345,sao paulo,SP,Arkansas,34.9668,-93.3099,4
1129,-23.52437263,-46.64743214,sao paulo,SP,Arkansas,34.9475,-93.4017,1
1153,-23.52889918,-46.65373657,são paulo,SP,Arizona,33.8279,-109.1283,2
1156,-23.52631863,-46.67121817,sao paulo,SP,Arizona,34.4458,-109.6741,1
1141,-23.5192917,-46.66571964,sao paulo,SP,Arizona,34.1077,-109.294,2
1121,-23.52551144,-46.63297207,sao paulo,SP,Arizona,34.0052,-109.4664,3
1155,-23.52907272,-46.6630101,sao paulo,SP,Arizona,34.0754,-109.8532,4
1144,-23.5238466,-46.67362071,sao paulo,SP,Arizona,33.9531,-109.2092,1
1126,-23.52680279,-46.64022447,sao paulo,SP,Arizona,34.501,-109.3796,2
1109,-23.52540653,-46.62178279,sao paulo,SP,Arizona,34.1702,-109.3315,3
1135,-23.52784355,-46.65228208,sao paulo,SP,Arizona,34.2575,-109.6929,4
1138,-23.52193345,-46.65183216,sao paulo,SP,Arizona,35.2375,-109.5229,1
1150,-23.53241729,-46.65827802,são paulo,SP,Arizona,35.2375,-109.5229,2
1155,-23.52982564,-46.66376416,são paulo,SP,Arizona,36.1304,-109.6037,1
1140,-23.51707844,-46.67382423,sao paulo,SP,Arizona,35.7445,-109.0765,2
1120,-23.52970796,-46.63972568,sao paulo,SP,Arizona,35.7114,-109.542,3
1138,-23.5220335,-46.65507241,sao paulo,SP,Arizona,35.2831,-109.207,4
1153,-23.53087371,-46.65287869,sao paulo,SP,Arizona,36.4181,-109.2446,1
1123,-23.52930718,-46.63490526,sao paulo,SP,Arizona,35.3539,-109.0537,2
1140,-23.51636226,-46.66810176,sao paulo,SP,Arizona,35.6447,-109.0956,3
1151,-23.53236888,-46.65755505,sao paulo,SP,Arizona,35.2164,-109.3337,4
1120,-23.52845632,-46.64048959,sao paulo,SP,Arizona,36.7797,-109.359,1
1129,-23.52437263,-46.64743214,sao paulo,SP,Arizona,35.6676,-109.0784,2
1135,-23.5270075,-46.64868261,sao paulo,SP,Arizona,36.7773,-109.861,1
1150,-23.53286949,-46.65746416,sao paulo,SP,Arizona,36.4083,-109.634,2
1153,-23.53214475,-46.65194014,sao paulo,SP,Arizona,35.8964,-109.4487,3
1153,-23.52889918,-46.65373657,sao paulo,SP,Arizona,35.2375,-109.5229,4
1134,-23.51867681,-46.65311591,são paulo,SP,Arizona,36.7181,-109.6259,1
1122,-23.53088972,-46.64075631,sao paulo,SP,Arizona,36.5131,-109.4734,2
1140,-23.51968887,-46.6722302,sao paulo,SP,Arizona,36.3071,-109.2176,3
1138,-23.5250367,-46.65541993,sao paulo,SP,Arizona,31.9883,-110.2941,4
1126,-23.52622824,-46.63729816,sao paulo,SP,Arizona,31.4086,-109.9117,1
1136,-23.52288831,-46.66401557,sao paulo,SP,Arizona,32.3265,-109.487,2
1109,-23.52374575,-46.62873169,sao paulo,SP,Arizona,32.0979,-109.9239,1
1141,-23.52080227,-46.67319055,sao paulo,SP,Arizona,31.3511,-109.5447,2
1151,-23.53347046,-46.65385426,sao paulo,SP,Arizona,31.4151,-109.596,3
1156,-23.531697,-46.66290525,sao paulo,SP,Arizona,32.0281,-110.0387,4
1131,-23.5211212,-46.64572729,sao paulo,SP,Arizona,31.7139,-109.6193,1
1131,-23.52915832,-46.64134706,sao paulo,SP,Arizona,31.5587,-110.3441,2
1128,-23.5253507,-46.64006417,são paulo,SP,Arizona,31.4035,-110.2047,3
1155,-23.52992561,-46.66386316,sao paulo,SP,Arizona,31.6639,-110.3334,4
1151,-23.52953361,-46.65841138,são paulo,SP,Arizona,31.5121,-109.8438,1
1139,-23.52076038,-46.66138414,sao paulo,SP,Arizona,31.3373,-109.9413,2
1129,-23.52437263,-46.64743214,sao paulo,SP,Arizona,31.8885,-109.6119,1
1154,-23.528914,-46.65808268,sao paulo,SP,Arizona,32.7015,-114.6424,2
1127,-23.52561173,-46.63943687,sao paulo,SP,Arizona,32.7093,-114.4905,3
1135,-23.52700246,-46.64929461,sao paulo,SP,Arizona,32.61,-114.6312,4
1125,-23.53025383,-46.63850902,sao paulo,SP,Arizona,32.6566,-114.4042,1
1139,-23.52060065,-46.66146333,sao paulo,SP,Arizona,32.7253,-114.6244,2
1156,-23.52757054,-46.66275408,sao paulo,SP,California,37.7706,-122.2648,3
1152,-23.52888797,-46.65722941,sao paulo,SP,California,37.7351,-122.2431,4
1141,-23.5205602,-46.66590953,sao paulo,SP,California,37.5605,-121.9999,1
1138,-23.5250367,-46.65541993,sao paulo,SP,California,37.6802,-121.9215,2
1129,-23.52437263,-46.64743214,sao paulo,SP,California,37.5308,-121.9712,1
1127,-23.52773504,-46.64480016,sao paulo,SP,California,37.5176,-121.9287,2
1122,-23.53088972,-46.64075631,sao paulo,SP,California,37.6802,-121.9215,3
1137,-23.52314477,-46.6516601,sao paulo,SP,California,37.674,-122.0894,4
1138,-23.5219565,-46.65402453,sao paulo,SP,California,37.6586,-122.0472,1
1220,-23.54668641,-46.64616214,sao paulo,SP,California,41.4226,-122.3861,2
1244,-23.69607578,-46.635626,sao paulo,SP,California,41.7206,-122.6376,3
1258,-23.54232921,-46.68506481,sao paulo,SP,California,41.9316,-121.4347,4
1228,-23.54766293,-46.65869253,sao paulo,SP,California,38.0685,-122.1614,1
1202,-23.53956161,-46.64351697,sao paulo,SP,California,38.1504,-121.8443,2
1221,-23.54586203,-46.64796097,sao paulo,SP,California,39.1663,-121.5105,1
1211,-23.53852166,-46.64733432,sao paulo,SP,California,39.1115,-121.3604,2
1244,-23.55570556,-46.66513928,sao paulo,SP,California,39.2882,-121.3303,3
1238,-23.54397972,-46.65166544,sao paulo,SP,California,39.4525,-121.2612,4
1210,-23.5400321,-46.64258541,sao paulo,SP,California,39.4518,-121.0486,1
1220,-23.54301953,-46.64548307,sao paulo,SP,California,39.4685,-121.1936,2
1214,-23.53842511,-46.64503764,sao paulo,SP,California,39.3662,-121.2256,3
1205,-23.53708708,-46.64216652,sao paulo,SP,California,39.0861,-121.5497,4
1223,-23.54385854,-46.64490266,sao paulo,SP,California,39.3459,-121.2663,1
1202,-23.53583109,-46.64661311,sao paulo,SP,California,39.4256,-121.3252,2
1249,-23.54939918,-46.67305572,sao paulo,SP,California,39.687,-121.045,1
1230,-23.53570677,-46.65670644,são paulo,SP,Colorado,39.7378,-104.8152,2
1229,-23.53751083,-46.65604506,sao paulo,SP,Colorado,39.7656,-104.7069,3
1241,-23.54681554,-46.65429169,sao paulo,SP,Colorado,39.8259,-104.9113,4
1226,-23.53799741,-46.65035297,sao paulo,SP,Colorado,39.8445,-104.9188,1
1238,-23.53977156,-46.65032214,são paulo,SP,Colorado,39.8302,-105.037,2
1231,-23.53897256,-46.66030514,sao paulo,SP,Colorado,39.8753,-105.0345,3
1254,-23.54480608,-46.68214305,são paulo,SP,Colorado,39.8367,-105.0372,4
1239,-23.54407815,-46.65348901,sao paulo,SP,Colorado,39.8367,-105.0372,1
1252,-23.54042811,-46.68086736,sao paulo,SP,Colorado,39.8083,-104.9339,2
1222,-23.5454605,-46.64710253,sao paulo,SP,Colorado,39.7294,-104.8319,1
1209,-23.54064444,-46.64133949,sao paulo,SP,Colorado,39.7294,-104.8319,2
1226,-23.53970658,-46.65435395,sao paulo,SP,Colorado,39.7467,-104.8384,3
1241,-23.54858505,-46.65270555,sao paulo,SP,Colorado,39.7589,-104.4275,4
1229,-23.53995068,-46.65961804,sao paulo,SP,Colorado,39.7814,-104.2683,1
1243,-23.54693139,-46.66016255,sao paulo,SP,Colorado,39.7623,-104.5834,2
1238,-23.54156738,-46.65998638,sao paulo,SP,Colorado,39.838,-104.9988,3
1244,-23.54890816,-46.66074944,sao paulo,SP,Colorado,39.8671,-104.9227,4
1228,-23.54953897,-46.65959741,sao paulo,SP,Colorado,39.9015,-104.9407,1
1258,-23.5449931,-46.68559718,são paulo,SP,Colorado,39.9108,-105.0109,2
1258,-23.54241937,-46.6864959,sao paulo,SP,Colorado,39.868,-104.9719,1
1211,-23.53846259,-46.64701618,sao paulo,SP,Colorado,39.8672,-105.0041,2
1224,-23.54100523,-46.65204139,sao paulo,SP,Colorado,39.943,-104.7866,3
1210,-23.5390781,-46.64086859,sao paulo,SP,Colorado,39.9636,-104.9072,4
1225,-23.53869401,-46.64964467,sao paulo,SP,Colorado,39.9515,-104.7746,1
1230,-23.53678983,-46.65875267,sao paulo,SP,Colorado,39.9239,-104.9614,2
1222,-23.54546842,-46.64632515,sao paulo,SP,Colorado,39.8983,-104.8718,3
1233,-23.53658579,-46.66220444,são paulo,SP,Colorado,37.4703,-105.8786,4
1250,-23.54759168,-46.67174253,sao paulo,SP,Colorado,37.476,-105.8818,1
1206,-23.53024332,-46.64701053,sao paulo,SP,Colorado,37.7232,-105.8712,2
1252,-23.54095531,-46.67971989,sao paulo,SP,Colorado,40.5938,-104.7356,1
1238,-23.54084083,-46.65061454,sao paulo,SP,Colorado,40.6392,-104.2871,2
1230,-23.53201145,-46.65360781,sao paulo,SP,Colorado,40.8666,-104.8859,3
1232,-23.53587674,-46.65778061,sao paulo,SP,Colorado,40.5273,-104.7146,4
1232,-23.53587674,-46.65778061,são paulo,SP,Colorado,40.3803,-104.6971,1
1201,-23.53408052,-46.651842,sao paulo,SP,Colorado,40.108,-104.8013,2
1231,-23.53866057,-46.66022375,sao paulo,SP,Colorado,40.5378,-104.4585,3
1204,-23.54089021,-46.64035913,sao paulo,SP,Colorado,40.2854,-104.7825,4
1228,-23.55428223,-46.66288335,sao paulo,SP,Colorado,40.4696,-104.5,1
1240,-23.54613154,-46.65326102,sao paulo,SP,Colorado,40.385,-104.6806,2
1239,-23.54758401,-46.65409938,sao paulo,SP,Colorado,40.3766,-104.7629,1
1204,-23.53803592,-46.64256328,sao paulo,SP,Colorado,40.4233,-104.7091,2
1211,-23.53852166,-46.64733432,sao paulo,SP,Colorado,40.4109,-104.7541,3
1223,-23.54424111,-46.65270239,sao paulo,SP,Colorado,40.4233,-104.7091,4
1221,-23.54340595,-46.64885199,sao paulo,SP,Colorado,40.3993,-104.7017,1
1230,-23.54061387,-46.65838902,sao paulo,SP,Colorado,40.0606,-104.6532,2
1259,-23.54091131,-46.6849675,sao paulo,SP,Colorado,40.0958,-104.4464,3
1253,-23.54314391,-46.68056764,sao paulo,SP,Colorado,40.3963,-104.5288,4
1232,-23.5326502,-46.65896365,sao paulo,SP,Colorado,40.3211,-104.7268,1
1250,-23.5489435,-46.67223477,são paulo,SP,Colorado,40.4824,-104.7054,2
1229,-23.53805019,-46.65630038,sao paulo,SP,Colorado,40.7265,-104.785,1
1202,-23.53128682,-46.65005957,sao paulo,SP,Colorado,40.6359,-104.7638,2
1230,-23.53201145,-46.65360781,sao paulo,SP,Colorado,40.2131,-104.8028,3
1240,-23.54322393,-46.6600876,sao paulo,SP,Colorado,40.0878,-104.282,4
1224,-23.54265552,-46.65410041,sao paulo,SP,Colorado,40.8716,-104.2346,1
1259,-23.54215953,-46.68576437,sao paulo,SP,Colorado,40.9751,-104.3053,2
1233,-23.54276419,-46.66427866,sao paulo,SP,Colorado,40.6851,-103.839,3
1209,-23.53922024,-46.63912613,sao paulo,SP,Colorado,40.687,-103.6387,4
1230,-23.54020983,-46.65829209,sao paulo,SP,Colorado,40.1138,-102.4828,1
1208,-23.54082251,-46.63971471,sao paulo,SP,Colorado,39.8167,-102.4262,2
1238,-23.54397972,-46.65166544,sao paulo,SP,Colorado,39.9331,-102.3193,1
1208,-23.53581627,-46.64005248,sao paulo,SP,Colorado,40.0685,-102.393,2
1240,-23.54276027,-46.66166693,sao paulo,SP,Colorado,40.1301,-102.7072,3
1202,-23.53748684,-46.64529631,sao paulo,SP,Colorado,39.6564,-102.6788,4
1220,-23.54668641,-46.64616214,sao paulo,SP,Colorado,39.6171,-102.4776,1
1223,-23.5445645,-46.65143175,sao paulo,SP,Connecticut,41.3665,-73.2571,2
1258,-23.54252737,-46.68657584,sao paulo,SP,Connecticut,41.4276,-73.3551,3
1238,-23.54339663,-46.65715436,são paulo,SP,Connecticut,41.3312,-73.2243,4
1258,-23.54585681,-46.68887024,sao paulo,SP,Connecticut,41.3931,-73.3167,1
1244,-23.5533573,-46.66294156,sao paulo,SP,Connecticut,41.4087,-73.2485,2
1223,-23.54388144,-46.64608212,sao paulo,SP,Connecticut,41.3047,-73.1294,1
1217,-23.53256202,-46.64941745,sao paulo,SP,Connecticut,41.3866,-73.1872,2
1202,-23.53058594,-46.65060783,sao paulo,SP,Connecticut,41.167,-73.2048,3
1202,-23.53691561,-46.64565765,sao paulo,SP,Connecticut,41.1798,-73.189,4
1233,-23.53286815,-46.6603357,sao paulo,SP,Connecticut,41.1796,-73.2019,1
1224,-23.54265552,-46.65410041,sao paulo,SP,Connecticut,41.1668,-73.2163,2
1220,-23.543658,-46.64556201,sao paulo,SP,Connecticut,41.2091,-73.2086,3
1258,-23.5409132,-46.68543524,sao paulo,SP,Connecticut,41.7229,-71.9067,4
1228,-23.53582456,-46.65396249,sao paulo,SP,Connecticut,41.721,-71.885,1
1202,-23.53661637,-46.64598587,sao paulo,SP,Connecticut,41.6937,-71.8084,2
1258,-23.54412898,-46.68628988,sao paulo,SP,Connecticut,41.6775,-71.922,1
1228,-23.55167844,-46.66070012,sao paulo,SP,Connecticut,41.7156,-71.8196,2
1244,-23.55555288,-46.66499363,sao paulo,SP,Connecticut,41.7445,-71.9133,3
1258,-23.54495144,-46.68830695,sao paulo,SP,District of Columbia,38.9122,-77.0177,4
1223,-23.54367447,-46.65372283,sao paulo,SP,District of Columbia,38.9024,-76.9901,1
1228,-23.5446716,-46.6571368,sao paulo,SP,District of Columbia,38.8829,-76.9895,2
1209,-23.54064444,-46.64133949,são paulo,SP,District of Columbia,38.893,-77.0263,3
1234,-23.5370555,-46.66361722,sao paulo,SP,District of Columbia,38.9067,-77.0312,4
1231,-23.53625816,-46.65952395,sao paulo,SP,District of Columbia,38.8964,-77.0447,1
1228,-23.5446716,-46.6571368,sao paulo,SP,District of Columbia,38.9144,-77.074,2
1244,-23.54836324,-46.66073891,sao paulo,SP,District of Columbia,38.9363,-77.0599,1
1224,-23.54270748,-46.65426261,sao paulo,SP,District of Columbia,38.9202,-77.0375,2
1257,-23.54206472,-46.68750967,sao paulo,SP,District of Columbia,38.9327,-77.0322,3
1227,-23.55387281,-46.66240022,são paulo,SP,District of Columbia,38.9518,-77.0203,4
1239,-23.54766601,-46.65425413,sao paulo,SP,District of Columbia,38.9757,-77.0282,1
1201,-23.53432218,-46.65285188,sao paulo,SP,District of Columbia,38.8933,-77.0146,2
1250,-23.548106,-46.67255997,são paulo,SP,District of Columbia,38.9658,-77.068,3
1258,-23.54436298,-46.68645735,são paulo,SP,District of Columbia,38.9381,-77.086,4
1229,-23.54005661,-46.65688393,sao paulo,SP,District of Columbia,38.9367,-76.994,1
1222,-23.54540849,-46.64736353,sao paulo,SP,District of Columbia,38.9277,-76.9762,2
1220,-23.5464392,-46.64664054,sao paulo,SP,District of Columbia,38.8902,-76.9376,1
1201,-23.53868957,-46.6489188,sao paulo,SP,District of Columbia,38.86,-76.9742,2
1222,-23.5452845,-46.65156233,sao paulo,SP,District of Columbia,38.945,-77.0364,3
1208,-23.53838155,-46.6378744,sao paulo,SP,District of Columbia,38.8759,-77.016,4
1221,-23.54276255,-46.64705358,sao paulo,SP,District of Columbia,38.8933,-77.0146,1
1240,-23.54532736,-46.65499116,são paulo,SP,District of Columbia,38.9007,-77.0501,2
1257,-23.54665733,-46.68736468,sao paulo,SP,District of Columbia,38.8933,-77.0146,3
1232,-23.53532171,-46.6603898,sao paulo,SP,District of Columbia,38.8933,-77.0146,4
1219,-23.54038333,-46.6453305,sao paulo,SP,District of Columbia,38.8338,-76.9995,1
1257,-23.54618866,-46.69002798,sao paulo,SP,District of Columbia,38.8933,-77.0146,2
1207,-23.54026955,-46.63783782,sao paulo,SP,District of Columbia,38.8933,-77.0146,1
1230,-23.53201145,-46.65360781,sao paulo,SP,District of Columbia,38.9087,-77.0414,2
1232,-23.53789364,-46.65264253,sao paulo,SP,District of Columbia,38.9014,-77.0504,3
1221,-23.54588933,-46.64900099,sao paulo,SP,District of Columbia,38.8933,-77.0146,4
1224,-23.54053433,-46.65279326,sao paulo,SP,District of Columbia,38.8933,-77.0146,1
1232,-23.53651535,-46.65595327,sao paulo,SP,District of Columbia,38.8933,-77.0146,2
1218,-23.53154468,-46.65066867,sao paulo,SP,District of Columbia,38.8933,-77.0146,3
1232,-23.53247885,-46.65894786,sao paulo,SP,District of Columbia,38.8933,-77.0146,4
1242,-23.54607755,-46.66355807,sao paulo,SP,District of Columbia,38.8933,-77.0146,1
1240,-23.54423163,-46.65769282,sao paulo,SP,District of Columbia,38.8933,-77.0146,2
1255,-23.54715969,-46.68045674,sao paulo,SP,District of Columbia,38.8966,-77.0319,1
1207,-23.53785682,-46.63955755,são paulo,SP,District of Columbia,38.8933,-77.0146,2
1203,-23.53405109,-46.64682501,sao paulo,SP,District of Columbia,38.8959,-77.021,3
1239,-23.51271682,-46.4573612,sao paulo,SP,District of Columbia,38.8933,-77.0146,4
1238,-23.54339898,-46.65151833,sao paulo,SP,District of Columbia,38.9001,-77.0479,1
1227,-23.53729012,-46.6544309,sao paulo,SP,District of Columbia,38.8933,-77.0146,2
1223,-23.54474747,-46.64592378,sao paulo,SP,District of Columbia,38.9016,-77.021,3
1206,-23.53344267,-46.64461912,sao paulo,SP,District of Columbia,38.8933,-77.0146,4
1214,-23.53608354,-46.64164983,sao paulo,SP,District of Columbia,38.8933,-77.0146,1
1240,-23.54315006,-46.65985693,são paulo,SP,District of Columbia,38.8933,-77.0146,2
1239,-23.54423115,-46.65357001,sao paulo,SP,District of Columbia,38.8933,-77.0146,1
1225,-23.54066957,-46.64867572,sao paulo,SP,District of Columbia,38.918,-77.0204,2
1215,-23.53482659,-46.64635512,sao paulo,SP,District of Columbia,38.8933,-77.0146,3
1230,-23.53201145,-46.65360781,são paulo,SP,District of Columbia,38.9,-77.0369,4
1232,-23.5378518,-46.66134341,sao paulo,SP,District of Columbia,38.8952,-77.0365,1
1239,-23.5127514,-46.45747547,sao paulo,SP,District of Columbia,38.8952,-77.0365,2
1229,-23.5353591,-46.65524002,sao paulo,SP,District of Columbia,38.8952,-77.0365,3
1230,-23.53201145,-46.65360781,sao paulo,SP,District of Columbia,38.8952,-77.0365,4
1209,-23.54244753,-46.64416813,sao paulo,SP,District of Columbia,38.8952,-77.0365,1
1259,-23.53984449,-46.68650501,sao paulo,SP,District of Columbia,38.8951,-77.0364,2
1246,-23.55502644,-46.66888235,sao paulo,SP,Delaware,39.1564,-75.4955,1
1202,-23.53367043,-46.64828937,sao paulo,SP,Delaware,39.1253,-75.4818,2
1250,-23.54660032,-46.67176251,sao paulo,SP,Delaware,39.1087,-75.448,3
1224,-23.54142182,-46.65210461,sao paulo,SP,Delaware,39.1605,-75.5974,4
1224,-23.54268447,-46.652724,sao paulo,SP,Delaware,39.1582,-75.5244,1
1231,-23.53736842,-46.65990051,sao paulo,SP,Delaware,39.157,-75.5294,2
1222,-23.5440357,-46.65025051,sao paulo,SP,Delaware,39.0991,-75.5966,3
1231,-23.53738859,-46.65984154,sao paulo,SP,Delaware,39.2184,-75.5848,4
1229,-23.54069616,-46.65709429,são paulo,SP,Delaware,39.2564,-75.6904,1
1229,-23.54090066,-46.65773332,sao paulo,SP,Delaware,39.0225,-75.5829,2
1228,-23.5373619,-46.65445004,sao paulo,SP,Delaware,39.0342,-75.4545,1
1239,-23.54625802,-46.65457844,sao paulo,SP,Delaware,38.924,-75.5843,2
1242,-23.54735537,-46.65605969,sao paulo,SP,Delaware,39.1542,-75.6935,3
1202,-23.5325096,-46.64916679,são paulo,SP,Delaware,38.6595,-75.2464,4
1219,-23.54146752,-46.64621124,sao paulo,SP,Delaware,38.5496,-75.1232,1
1259,-23.54047809,-46.68836886,são paulo,SP,Delaware,38.7687,-75.2953,2
1218,-23.53154468,-46.65066867,sao paulo,SP,Delaware,38.7521,-75.1877,3
1232,-23.53296379,-46.6591883,sao paulo,SP,Delaware,38.5617,-75.0966,4
1216,-23.53188914,-46.64453592,são paulo,SP,Delaware,38.7209,-75.076,1
1203,-23.53711938,-46.64438744,sao paulo,SP,Delaware,38.6404,-75.6041,2
1227,-23.55343677,-46.6619892,sao paulo,SP,Delaware,38.4654,-75.1573,1
1236,-23.5452529,-46.66705428,sao paulo,SP,Florida,29.6489,-82.325,2
1207,-23.53738962,-46.63998706,sao paulo,SP,Florida,29.6299,-82.3966,3
1237,-23.54365169,-46.6683554,sao paulo,SP,Florida,29.6515,-82.3493,4
1228,-23.5373619,-46.65445004,sao paulo,SP,Florida,29.5733,-82.3979,1
1206,-23.53344267,-46.64461912,sao paulo,SP,Florida,29.6785,-82.3679,2
1240,-23.54273319,-46.6599661,são paulo,SP,Florida,29.6954,-82.4023,3
1218,-23.52943364,-46.64740557,sao paulo,SP,Florida,29.6456,-82.4033,4
1230,-23.53377888,-46.65720561,sao paulo,SP,Florida,29.6132,-82.3873,1
1225,-23.5406175,-46.64834164,sao paulo,SP,Florida,29.7005,-82.308,2
1232,-23.54006879,-46.66146122,sao paulo,SP,Florida,29.6813,-82.3539,1
1222,-23.54579025,-46.65036397,sao paulo,SP,Florida,29.6813,-82.3539,2
1302,-23.54749593,-46.64435606,sao paulo,SP,Florida,30.7432,-86.3149,1
1315,-23.55346155,-46.64071173,são paulo,SP,Florida,30.721,-86.1152,2
1320,-23.55733794,-46.63877749,sao paulo,SP,Florida,30.4896,-86.1684,3
1311,-23.567549,-46.64933197,sao paulo,SP,Florida,30.3659,-86.2458,4
1311,-23.56338799,-46.65430058,sao paulo,SP,Florida,30.2835,-86.0305,1
1322,-23.56350762,-46.64333519,são paulo,SP,Florida,30.9709,-86.3111,2
1310,-23.56495812,-46.65213531,sao paulo,SP,Florida,30.385,-86.3473,3
1301,-23.5508128,-46.65525803,são paulo,SP,Florida,30.7123,-85.8014,4
1313,-23.55714514,-46.6513161,sao paulo,SP,Florida,30.7107,-85.5486,1
1303,-23.5481378,-46.648962,sao paulo,SP,Florida,30.4352,-85.8881,2
1310,-23.56469826,-46.65244211,sao paulo,SP,Florida,30.6267,-85.7553,1
1318,-23.56591117,-46.64795701,sao paulo,SP,Florida,30.6321,-85.5888,2
1333,-23.56911703,-46.64518951,sao paulo,SP,Georgia,31.7837,-82.3486,3
1305,-23.55489675,-46.65676287,sao paulo,SP,Georgia,31.7783,-82.3485,4
1330,-23.55861746,-46.64971033,sao paulo,SP,Georgia,30.5224,-82.0376,1
1323,-23.56640336,-46.64203684,sao paulo,SP,Georgia,31.6489,-82.1982,2
1311,-23.56519172,-46.65215037,sao paulo,SP,Georgia,31.3035,-82.7319,3
1318,-23.56480132,-46.64713303,sao paulo,SP,Georgia,31.3106,-82.8591,4
1309,-23.55425055,-46.65892273,sao paulo,SP,Georgia,31.3455,-83.0449,1
1318,-23.56459757,-46.64695477,são paulo,SP,Georgia,31.5465,-82.4633,2
1331,-23.56472605,-46.6485239,sao paulo,SP,Georgia,31.5105,-84.3087,1
1323,-23.57164398,-46.64129066,sao paulo,SP,Georgia,31.173,-84.731,2
1311,-23.55806718,-46.66049269,sao paulo,SP,Georgia,31.2984,-84.7175,3
1307,-23.55332517,-46.65245602,são paulo,SP,Georgia,31.0505,-84.8801,4
1308,-23.55478244,-46.65316315,são paulo,SP,Georgia,31.4849,-84.5128,1
1319,-23.55098652,-46.64108072,sao paulo,SP,Georgia,31.3164,-84.3367,2
1321,-23.56726587,-46.64321955,sao paulo,SP,Georgia,33.0227,-83.247,3
1315,-23.55546021,-46.63999405,são paulo,SP,Georgia,33.0846,-83.238,4
1315,-23.55293812,-46.64064063,sao paulo,SP,Georgia,33.08,-83.2379,1
1308,-23.55714467,-46.65480965,sao paulo,SP,Georgia,33.0491,-83.2174,2
1307,-23.5541618,-46.65393802,sao paulo,SP,Georgia,34.4574,-83.476,1
1321,-23.56007143,-46.64115443,são paulo,SP,Georgia,34.3563,-83.4974,2
1311,-23.56963354,-46.64665902,sao paulo,SP,Georgia,34.2529,-83.5616,3
1311,-23.55916796,-46.65920858,sao paulo,SP,Georgia,34.0191,-83.8261,4
1314,-23.55118988,-46.64359192,sao paulo,SP,Georgia,33.9261,-83.7282,1
1316,-23.55400761,-46.6401905,são paulo,SP,Georgia,33.9602,-83.5893,2
1315,-23.55616278,-46.64006103,sao paulo,SP,Georgia,33.9985,-83.7115,3
1325,-23.5561469,-46.64453021,sao paulo,SP,Georgia,34.3595,-84.9176,4
1306,-23.55110942,-46.64687405,sao paulo,SP,Georgia,34.187,-84.8204,1
1333,-23.5645532,-46.65058272,sao paulo,SP,Georgia,34.2079,-84.7673,2
1306,-23.55093065,-46.64668253,sao paulo,SP,Georgia,34.2442,-84.8457,1
1307,-23.5493607,-46.65412442,sao paulo,SP,Georgia,34.12,-84.757,2
1316,-23.55219844,-46.63970305,sao paulo,SP,Georgia,34.2501,-84.9973,3
1317,-23.56281095,-46.64538049,sao paulo,SP,Georgia,34.3379,-84.7376,4
1306,-23.55407778,-46.65018871,sao paulo,SP,Georgia,34.1229,-84.9739,1
1307,-23.54913419,-46.65419742,sao paulo,SP,Georgia,34.2717,-84.7383,2
1308,-23.55518251,-46.65226234,sao paulo,SP,Georgia,32.6064,-83.2095,3
1324,-23.55680896,-46.64288179,sao paulo,SP,Georgia,32.8813,-83.3029,4
1327,-23.56706984,-46.64443562,sao paulo,SP,Georgia,32.8088,-83.174,1
1304,-23.55402728,-46.65593366,são paulo,SP,Georgia,32.8468,-83.204,2
1307,-23.55253332,-46.65098523,sao paulo,SP,Georgia,32.8219,-83.0844,1
1322,-23.56299986,-46.64379053,sao paulo,SP,Georgia,31.7798,-83.9706,2
1302,-23.54749593,-46.64435606,sao paulo,SP,Georgia,31.5384,-83.7843,3
1312,-23.557404,-46.65276837,sao paulo,SP,Georgia,31.513,-83.7385,4
1330,-23.56013135,-46.64883012,sao paulo,SP,Georgia,31.5393,-83.8607,1
1303,-23.55100618,-46.64789079,sao paulo,SP,Georgia,31.831,-83.9188,2
1309,-23.55652659,-46.65951015,sao paulo,SP,Hawaii,19.4386,-155.8875,3
1311,-23.55860266,-46.6598615,são paulo,SP,Hawaii,19.8882,-155.1333,4
1318,-23.55409868,-46.63860661,sao paulo,SP,Hawaii,19.5935,-155.438,1
1318,-23.55577176,-46.63955302,sao paulo,SP,Hawaii,20.238,-155.838,2
1311,-23.55763733,-46.66098894,sao paulo,SP,Hawaii,19.7025,-155.0939,1
1327,-23.56723281,-46.64438561,são paulo,SP,Hawaii,19.7299,-155.0907,2
1331,-23.56293028,-46.65067405,sao paulo,SP,Hawaii,19.6103,-155.9176,3
1321,-23.55619539,-46.64154362,sao paulo,SP,Hawaii,19.4273,-155.9133,4
1310,-23.56723116,-46.64942226,sao paulo,SP,Hawaii,20.0827,-155.488,1
1316,-23.55044031,-46.63837024,sao paulo,SP,Hawaii,19.8728,-155.1177,2
1316,-23.55304444,-46.639711,são paulo,SP,Hawaii,20.8559,-156.3259,3
1310,-23.5616909,-46.65612561,sao paulo,SP,Hawaii,20.7534,-156.326,4
1311,-23.55860266,-46.6598615,sao paulo,SP,Hawaii,20.8966,-156.5036,1
1308,-23.55666621,-46.65382014,sao paulo,SP,Iowa,41.5137,-94.6444,2
1322,-23.56237543,-46.64399296,sao paulo,SP,Iowa,41.2589,-94.6669,1
1314,-23.55117713,-46.64371013,sao paulo,SP,Iowa,41.2896,-94.5419,2
1312,-23.55257395,-46.64768933,sao paulo,SP,Iowa,41.3133,-94.4408,3
1307,-23.55400017,-46.65374302,sao paulo,SP,Iowa,41.2192,-94.3705,4
1310,-23.55888451,-46.65926475,sao paulo,SP,Iowa,41.0487,-94.8231,1
1314,-23.55657038,-46.64892888,são paulo,SP,Iowa,40.9871,-94.7358,2
1310,-23.56682014,-46.64991575,são paulo,SP,Iowa,40.954,-94.8731,3
1306,-23.55436937,-46.65015388,sao paulo,SP,Iowa,41.0577,-94.5942,4
1309,-23.55461848,-46.6585923,sao paulo,SP,Iowa,43.4421,-91.5076,1
1317,-23.55577176,-46.63955302,sao paulo,SP,Iowa,43.1698,-91.2188,2
1319,-23.55098652,-46.64108072,sao paulo,SP,Iowa,43.3661,-91.266,1
1321,-23.56688277,-46.64311159,sao paulo,SP,Iowa,42.4972,-96.4029,2
1326,-23.55734055,-46.64554023,sao paulo,SP,Iowa,42.3684,-96.318,3
1313,-23.55667528,-46.65053882,sao paulo,SP,Iowa,42.5068,-96.4295,4
1333,-23.57003439,-46.64404036,são paulo,SP,Iowa,42.5254,-96.4005,1
1317,-23.56030236,-46.64256496,sao paulo,SP,Iowa,42.5032,-96.3829,2
1327,-23.56559696,-46.64501936,sao paulo,SP,Iowa,42.4671,-96.3528,3
1306,-23.55441338,-46.64976502,sao paulo,SP,Iowa,42.5469,-96.3617,4
1321,-23.55590152,-46.64192915,sao paulo,SP,Iowa,42.5173,-96.4803,1
1322,-23.56463196,-46.64370163,sao paulo,SP,Iowa,42.4089,-96.3713,2
1329,-23.56228066,-46.64775326,sao paulo,SP,Iowa,43.2644,-93.4183,1
1310,-23.56349298,-46.65388351,sao paulo,SP,Iowa,43.311,-93.0797,2
1301,-23.5508128,-46.65525803,sao paulo,SP,Iowa,43.2802,-93.3788,3
1315,-23.55394213,-46.64057178,sao paulo,SP,Iowa,43.3761,-93.4454,4
1322,-23.56219429,-46.64296538,sao paulo,SP,Iowa,43.3536,-93.2105,1
1323,-23.56640336,-46.64203684,sao paulo,SP,Iowa,43.2891,-93.2018,2
1306,-23.55436937,-46.65015388,sao paulo,SP,Iowa,43.4506,-93.2419,3
1329,-23.56284092,-46.64670982,sao paulo,SP,Iowa,42.661,-93.5058,4
1319,-23.55117923,-46.64201906,sao paulo,SP,Iowa,42.6912,-93.6035,1
1327,-23.55338398,-46.64691423,sao paulo,SP,Iowa,42.8511,-93.62,2
1311,-23.56587932,-46.65139911,sao paulo,SP,Iowa,42.7596,-93.557,1
1302,-23.54813469,-46.6501026,sao paulo,SP,Iowa,42.7271,-93.7277,2
1304,-23.55113664,-46.64987107,sao paulo,SP,Iowa,42.733,-93.7352,3
1309,-23.55732369,-46.65692891,sao paulo,SP,Iowa,42.6609,-93.9049,4
1330,-23.56093054,-46.64955237,são paulo,SP,Iowa,42.7581,-93.9194,1
1319,-23.55117923,-46.64201906,sao paulo,SP,Iowa,42.5844,-93.8216,2
1326,-23.56110995,-46.6451804,sao paulo,SP,Idaho,43.7069,-116.362,3
1310,-23.5576857,-46.66065448,sao paulo,SP,Idaho,43.487,-116.3819,4
1307,-23.5541618,-46.65393802,sao paulo,SP,Idaho,43.615,-116.3975,1
1307,-23.55191038,-46.64919521,sao paulo,SP,Idaho,43.7013,-116.4967,2
1307,-23.55287535,-46.65150612,sao paulo,SP,Idaho,43.6121,-116.3915,1
1329,-23.56228066,-46.64775326,são paulo,SP,Idaho,43.6038,-116.2729,2
1310,-23.56482788,-46.65234426,sao paulo,SP,Idaho,43.6322,-116.2052,3
1312,-23.55692199,-46.65191269,são paulo,SP,Idaho,43.6601,-116.2524,4
1308,-23.5540439,-46.65197803,sao paulo,SP,Idaho,43.633,-116.2951,1
1329,-23.56228066,-46.64775326,sao paulo,SP,Idaho,43.5851,-116.2191,2
1318,-23.56130948,-46.64412367,sao paulo,SP,Idaho,43.5885,-116.191,3
1312,-23.55140846,-46.64651472,são paulo,SP,Idaho,43.6135,-116.2035,4
1333,-23.56338911,-46.65197488,sao paulo,SP,Idaho,42.5653,-114.614,1
1312,-23.55364601,-46.64827785,são paulo,SP,Idaho,42.5249,-114.2994,2
1306,-23.55495142,-46.64978129,sao paulo,SP,Idaho,42.5287,-114.3657,1
1324,-23.55365735,-46.64323581,sao paulo,SP,Idaho,42.4776,-114.1606,2
1310,-23.55692691,-46.66154179,sao paulo,SP,Idaho,44.6927,-115.6417,3
1310,-23.56041103,-46.6575006,sao paulo,SP,Idaho,44.6659,-116.0369,4
1309,-23.55752551,-46.65841258,sao paulo,SP,Idaho,44.8327,-116.0848,1
1307,-23.55296159,-46.65176635,sao paulo,SP,Idaho,44.8918,-116.0789,2
1315,-23.55530855,-46.64116174,sao paulo,SP,Idaho,44.9698,-115.4963,3
1306,-23.55068049,-46.6460175,sao paulo,SP,Idaho,44.5922,-116.6757,4
1311,-23.55660737,-46.662208,sao paulo,SP,Idaho,44.442,-116.7038,1
1301,-23.54898092,-46.6519725,sao paulo,SP,Idaho,44.2522,-116.9651,2
1303,-23.55025874,-46.64991811,sao paulo,SP,Illinois,39.9307,-91.3763,1
1306,-23.55022577,-46.64614146,sao paulo,SP,Illinois,39.9601,-91.3026,2
1318,-23.55409868,-46.63860661,são paulo,SP,Illinois,39.9356,-91.4099,3
1416,-23.55969462,-46.66715411,sao paulo,SP,Indiana,40.6716,-84.9343,4
1452,-23.57668135,-46.68714584,sao paulo,SP,Indiana,40.8273,-84.9314,1
1403,-23.56586373,-46.65052957,sao paulo,SP,Indiana,40.6071,-84.9621,2
1441,-23.57671355,-46.69147472,sao paulo,SP,Indiana,40.645,-85.033,3
1423,-23.57085339,-46.65422845,sao paulo,SP,Indiana,40.7005,-84.8441,4
1421,-23.55939565,-46.66451308,sao paulo,SP,Indiana,40.7778,-84.8422,1
1423,-23.56563481,-46.66082066,sao paulo,SP,Indiana,40.832,-85.0054,2
1419,-23.55958633,-46.6605994,são paulo,SP,Kentucky,37.333,-83.7666,1
1455,-23.58218662,-46.69212843,sao paulo,SP,Kentucky,36.6857,-85.1407,2
1455,-23.58134843,-46.69192953,sao paulo,SP,Kentucky,36.7824,-85.0275,3
1408,-23.56659455,-46.66050054,sao paulo,SP,Kentucky,37.2706,-88.0825,4
1415,-23.5526698,-46.65581891,sao paulo,SP,Kentucky,37.1595,-88.1845,1
1408,-23.56902717,-46.66154015,sao paulo,SP,Kentucky,37.3254,-88.1005,2
1455,-23.57855734,-46.68895385,são paulo,SP,Kentucky,36.8068,-85.397,3
1403,-23.57287476,-46.65757374,sao paulo,SP,Kentucky,36.8306,-85.5015,4
1421,-23.5603657,-46.66343202,sao paulo,SP,Kentucky,37.7513,-87.1554,1
1408,-23.57041268,-46.66266478,sao paulo,SP,Kentucky,37.7455,-87.1128,2
1457,-23.57903456,-46.69080768,sao paulo,SP,Kentucky,37.7559,-87.0803,1
1409,-23.5670276,-46.66343415,sao paulo,SP,Kentucky,37.7455,-87.1128,2
1450,-23.5754024,-46.68708448,sao paulo,SP,Kentucky,37.735,-87.3317,3
1455,-23.5810154,-46.6927946,sao paulo,SP,Kentucky,37.8436,-86.9999,4
1415,-23.5618158,-46.66750288,sao paulo,SP,Kentucky,37.6932,-87.3238,1
1422,-23.56681113,-46.65780223,sao paulo,SP,Louisiana,32.5095,-93.3009,2
1419,-23.557768,-46.66267335,sao paulo,SP,Louisiana,33.0005,-93.4596,3
1451,-23.5839825,-46.682379,sao paulo,SP,Louisiana,30.3557,-91.2613,4
1402,-23.567787,-46.64909925,são paulo,SP,Louisiana,30.3877,-91.2526,1
1427,-23.56815894,-46.66698616,sao paulo,SP,Louisiana,30.548,-91.4187,2
1453,-23.58172548,-46.68715826,sao paulo,SP,Louisiana,30.472,-91.2541,1
1455,-23.57921654,-46.69225016,sao paulo,SP,Louisiana,32.6161,-91.4913,2
1453,-23.58503283,-46.68664014,sao paulo,SP,Louisiana,32.8239,-91.3989,3
1455,-23.5831029,-46.68976695,sao paulo,SP,Louisiana,32.9946,-91.3162,4
1425,-23.57340041,-46.6598031,sao paulo,SP,Louisiana,32.8731,-91.4302,1
1415,-23.56085976,-46.6665928,são paulo,SP,Louisiana,32.7154,-91.4648,2
1444,-23.57071558,-46.68607871,sao paulo,SP,Louisiana,30.9656,-91.5979,3
1410,-23.56167948,-46.6597514,sao paulo,SP,Louisiana,30.8694,-91.4186,4
1416,-23.56320131,-46.67088129,sao paulo,SP,Louisiana,30.9601,-91.5396,1
1409,-23.55684054,-46.65550421,sao paulo,SP,Louisiana,30.9175,-91.3581,2
1408,-23.56659455,-46.66050054,sao paulo,SP,Louisiana,30.9468,-91.4612,1
1418,-23.56968844,-46.64851433,sao paulo,SP,Louisiana,31.776,-92.7958,2
1431,-23.57604471,-46.66509273,sao paulo,SP,Louisiana,31.9657,-92.7757,3
1422,-23.56041328,-46.66537204,sao paulo,SP,Louisiana,32.0701,-92.6783,4
1410,-23.56320914,-46.66132208,sao paulo,SP,Louisiana,31.9393,-92.5988,1
1418,-23.56312174,-46.65656671,são paulo,SP,Louisiana,31.7596,-92.959,2
1410,-23.56324688,-46.6612739,sao paulo,SP,Louisiana,32.0686,-92.4429,3
1407,-23.57522878,-46.66864572,são paulo,SP,Louisiana,31.9214,-92.6366,4
1403,-23.56468598,-46.64947407,sao paulo,SP,Massachusetts,41.7455,-70.5905,1
1408,-23.56237486,-46.6561529,sao paulo,SP,Massachusetts,41.6694,-70.6234,2
1411,-23.56513671,-46.66559029,sao paulo,SP,Massachusetts,41.5968,-70.5671,1
1424,-23.57052559,-46.6587624,sao paulo,SP,Massachusetts,41.7283,-70.44,2
1415,-23.57692557,-46.60562387,sao paulo,SP,Massachusetts,41.5648,-70.6217,3
1455,-23.57965793,-46.69358888,sao paulo,SP,Massachusetts,41.5515,-70.6148,4
1416,-23.56156274,-46.66908327,sao paulo,SP,Massachusetts,41.6531,-70.5537,1
1403,-23.56627851,-46.65091408,sao paulo,SP,Massachusetts,41.5263,-70.6643,2
1416,-23.55969462,-46.66715411,sao paulo,SP,Massachusetts,41.7196,-70.612,3
2471,-23.48088452,-46.65412303,sao paulo,SP,Oklahoma,35.397,-97.6519,4
2422,-23.4702018,-46.63750339,sao paulo,SP,Oklahoma,35.4916,-97.5628,1
2408,-23.48288439,-46.63080638,sao paulo,SP,Oklahoma,35.4726,-97.5199,2
2402,-23.48740738,-46.62658905,sao paulo,SP,Oklahoma,35.491,-97.5196,1
2461,-23.48943781,-46.64045389,são paulo,SP,Oklahoma,35.4794,-97.5017,2
2417,-23.47761376,-46.62844876,sao paulo,SP,Oklahoma,35.5108,-97.5003,3
2475,-23.48105908,-46.64630746,sao paulo,SP,Oklahoma,35.4853,-97.5372,4
2406,-23.48788055,-46.63108253,sao paulo,SP,Oklahoma,35.4874,-97.574,1
2461,-23.4917574,-46.63969088,sao paulo,SP,Oklahoma,36.544,-99.3003,2
2461,-23.49273078,-46.63900673,sao paulo,SP,Oklahoma,36.5722,-99.5738,3
2478,-23.47702773,-46.66112727,sao paulo,SP,Oklahoma,36.4428,-99.1832,4
2465,-23.48061657,-46.6580115,sao paulo,SP,Oregon,36.214,-99.1145,1
2422,-23.4740602,-46.63808543,sao paulo,SP,Oregon,36.2699,-99.3587,2
2430,-23.47699592,-46.65035171,sao paulo,SP,Oregon,44.7749,-117.8344,1
2468,-23.48808868,-46.64999693,sao paulo,SP,Pennsylvania,41.1068,-80.007,2
2451,-23.49863313,-46.64218997,sao paulo,SP,Pennsylvania,40.8496,-80.1381,3
2430,-23.47699592,-46.65035171,sao paulo,SP,Pennsylvania,41.1631,-79.9796,4
2461,-23.49282184,-46.63895468,sao paulo,SP,Pennsylvania,40.8301,-79.8112,1
2472,-23.47548276,-46.653121,sao paulo,SP,Pennsylvania,41.1009,-79.8215,2
2402,-23.48357545,-46.63126112,sao paulo,SP,Pennsylvania,41.0022,-79.716,3
2443,-23.474682,-46.6463565,sao paulo,SP,Pennsylvania,40.8528,-79.9167,4
2516,-23.50835424,-46.65957075,sao paulo,SP,Rhode Island,41.6338,-71.1808,1
2523,-23.50595475,-46.65707687,sao paulo,SP,Rhode Island,41.9512,-71.4545,2
2513,-23.71473342,-46.77870132,sao paulo,SP,Rhode Island,41.9155,-71.6795,1
2524,-23.50338109,-46.65137812,sao paulo,SP,Rhode Island,41.7778,-71.6706,2
2518,-23.50984807,-46.66369014,sao paulo,SP,Rhode Island,41.7312,-71.5468,3
2531,-23.49828602,-46.65922176,sao paulo,SP,Rhode Island,42.0002,-71.5631,4
2519,-23.50016421,-46.64818567,são paulo,SP,Rhode Island,41.7815,-71.7187,1
2510,-23.51370739,-46.65262935,sao paulo,SP,Rhode Island,41.9762,-71.6326,2
2518,-23.50984807,-46.66369014,sao paulo,SP,Rhode Island,41.8734,-71.5569,3
2513,-23.71473342,-46.77870132,são paulo,SP,Rhode Island,41.8793,-71.5894,4
2510,-23.51370739,-46.65262935,sao paulo,SP,Rhode Island,41.9764,-71.6534,1
2515,-23.51008199,-46.65907867,sao paulo,SP,Rhode Island,41.7516,-71.5612,2
2523,-23.50766541,-46.65460007,sao paulo,SP,Rhode Island,41.9689,-71.4741,1
2566,-23.48453527,-46.66736092,são paulo,SP,Rhode Island,41.9417,-71.6376,2
2518,-23.51097046,-46.66612044,sao paulo,SP,Rhode Island,41.8439,-71.6242,3
2526,-23.50334736,-46.645078,sao paulo,SP,Rhode Island,41.9573,-71.6478,4
2526,-23.50358923,-46.64410608,sao paulo,SP,Rhode Island,41.9627,-71.7099,1
2533,-23.50051752,-46.65012236,sao paulo,SP,Rhode Island,41.8729,-71.3907,2
2566,-23.48313414,-46.67023919,sao paulo,SP,Rhode Island,41.8814,-71.356,3
2516,-23.51082982,-46.66087806,sao paulo,SP,Rhode Island,41.8612,-71.3691,4
2543,-23.48143349,-46.65853194,sao paulo,SP,Rhode Island,41.8883,-71.3945,1
2523,-23.50523204,-46.6553173,sao paulo,SP,Rhode Island,41.9484,-71.4154,2
2512,-23.51426241,-46.65468496,sao paulo,SP,Rhode Island,41.9089,-71.4348,1
2517,-23.50624353,-46.66626569,são paulo,SP,Rhode Island,41.9984,-71.5763,2
2554,-23.50078819,-46.66999976,sao paulo,SP,Rhode Island,41.9846,-71.5194,3
2563,-23.49010601,-46.67231617,sao paulo,SP,Rhode Island,41.9724,-71.5508,4
2545,-23.48780092,-46.66458593,sao paulo,SP,Rhode Island,41.8227,-71.4145,1
2565,-23.48693469,-46.66659417,sao paulo,SP,Rhode Island,41.8184,-71.4249,2
2542,-23.48450338,-46.6568071,sao paulo,SP,Rhode Island,41.82,-71.4158,3
2536,-23.49494342,-46.6474898,sao paulo,SP,Rhode Island,41.8541,-71.4378,4
2535,-23.49830072,-46.64974099,sao paulo,SP,Rhode Island,41.7845,-71.3959,1
2533,-23.49987936,-46.65211134,sao paulo,SP,Rhode Island,41.8351,-71.3971,2
2518,-23.50819248,-46.66832941,sao paulo,SP,Rhode Island,41.7971,-71.4255,1
2559,-23.49174982,-46.66803672,sao paulo,SP,Rhode Island,41.8383,-71.4377,2
2536,-23.49732112,-46.64595955,sao paulo,SP,Rhode Island,41.8206,-71.4443,3
2564,-23.48661528,-46.67177949,sao paulo,SP,Rhode Island,41.7766,-71.4383,4
2538,-23.49941395,-46.65620406,são paulo,SP,Rhode Island,41.8547,-71.4735,1
2521,-23.50392322,-46.66594699,são paulo,SP,Rhode Island,41.824,-71.4128,2
2517,-23.50590771,-46.6632287,sao paulo,SP,Rhode Island,41.8138,-71.3688,3
2520,-23.49952568,-46.64372451,sao paulo,SP,Rhode Island,41.7723,-71.3542,4
2513,-23.71473342,-46.77870132,sao paulo,SP,Rhode Island,41.8425,-71.3559,1
2533,-23.49498711,-46.65746151,sao paulo,SP,Rhode Island,41.8964,-71.5207,2
2563,-23.49088752,-46.66238883,sao paulo,SP,Rhode Island,41.8415,-71.4404,1
2552,-23.50104233,-46.6640154,são paulo,SP,Rhode Island,41.8274,-71.52,2
2516,-23.50848196,-46.6559322,sao paulo,SP,Rhode Island,41.7716,-71.4659,3
2536,-23.49525948,-46.64773085,sao paulo,SP,Rhode Island,41.7614,-71.5061,4
2524,-23.50158108,-46.64929656,sao paulo,SP,Rhode Island,41.824,-71.4128,1
2533,-23.49645255,-46.65585373,sao paulo,SP,Rhode Island,41.4231,-71.7837,2
2557,-23.49993774,-46.67282697,sao paulo,SP,Rhode Island,41.1715,-71.5748,3
2539,-23.49318358,-46.65583315,sao paulo,SP,Rhode Island,41.4114,-71.7465,4
2517,-23.50855452,-46.66492253,sao paulo,SP,Rhode Island,41.4691,-71.6751,1
2518,-23.50934338,-46.66575558,sao paulo,SP,Rhode Island,41.4007,-71.6615,2
2532,-23.49594952,-46.65907326,sao paulo,SP,Rhode Island,41.574,-71.6076,1
2523,-23.50482704,-46.6556413,sao paulo,SP,Rhode Island,41.5096,-71.7339,2
2556,-23.49963457,-46.66925791,sao paulo,SP,Rhode Island,41.4751,-71.7726,3
2513,-23.51252629,-46.6565246,sao paulo,SP,Rhode Island,41.4474,-71.6204,4
2554,-23.49646622,-46.66693943,sao paulo,SP,Rhode Island,41.5894,-71.4625,1
2535,-23.49598692,-46.65150474,sao paulo,SP,Rhode Island,41.5199,-71.774,2
2556,-23.4989155,-46.67027597,são paulo,SP,Rhode Island,41.5105,-71.4427,3
2532,-23.50018869,-46.6543436,sao paulo,SP,Rhode Island,41.456,-71.6355,4
2541,-23.48558422,-46.65479978,sao paulo,SP,Rhode Island,41.5289,-71.5299,1
2511,-23.50891688,-46.6526662,sao paulo,SP,Rhode Island,41.4437,-71.5342,2
2520,-23.50284477,-46.65309249,sao paulo,SP,Rhode Island,41.3753,-71.6439,1
2530,-23.49888495,-46.66086111,sao paulo,SP,Rhode Island,41.4803,-71.5292,2
2555,-23.49330759,-46.6681631,são paulo,SP,Rhode Island,41.4353,-71.4616,3
2516,-23.51033692,-46.6600215,sao paulo,SP,Rhode Island,41.4512,-71.4987,4
2554,-23.50247584,-46.67196295,são paulo,SP,Rhode Island,41.3691,-71.8126,1
2526,-23.50189037,-46.64741159,sao paulo,SP,Rhode Island,41.5058,-71.6211,2
2514,-23.51069812,-46.65449774,sao paulo,SP,South Carolina,41.45,-71.7074,3
2567,-23.48063559,-46.66876012,sao paulo,SP,South Carolina,41.5041,-71.663,4
2518,-23.50984807,-46.66369014,sao paulo,SP,South Carolina,34.1819,-82.3785,1
2562,-23.48595258,-46.67398503,são paulo,SP,South Carolina,34.0999,-82.5805,2
2513,-23.51398786,-46.65575649,sao paulo,SP,South Carolina,34.3304,-82.3367,1
2563,-23.49098677,-46.6616577,sao paulo,SP,South Carolina,34.3344,-82.4002,2
2513,-23.51159087,-46.65539843,são paulo,SP,South Carolina,34.2126,-82.6496,3
2516,-23.51354053,-46.66060007,sao paulo,SP,South Carolina,33.5972,-81.3184,4
2518,-23.51144796,-46.6662025,sao paulo,SP,South Carolina,33.6494,-81.3995,1
2536,-23.49525948,-46.64773085,sao paulo,SP,South Carolina,33.553,-81.7194,2
2560,-23.49549922,-46.6707387,são paulo,SP,South Carolina,33.5604,-81.7196,3
2540,-23.48923539,-46.65713562,sao paulo,SP,South Carolina,33.5059,-81.6951,4
2518,-23.50934338,-46.66575558,são paulo,SP,South Carolina,33.5377,-81.5999,1
2531,-23.4982753,-46.64885976,são paulo,SP,South Carolina,33.6993,-81.6465,2
2562,-23.48576556,-46.67394942,sao paulo,SP,South Carolina,33.5377,-81.5999,1
2537,-23.4904773,-46.65360371,são paulo,SP,South Carolina,33.413,-81.69,2
2518,-23.5092053,-46.66545666,sao paulo,SP,South Carolina,33.5046,-81.869,3
2520,-23.50284477,-46.65309249,sao paulo,SP,South Carolina,33.4997,-81.8649,4
2531,-23.50251725,-46.65453251,sao paulo,SP,South Carolina,33.5182,-81.8277,1
2544,-23.48781635,-46.66035086,sao paulo,SP,South Carolina,33.563,-81.8147,2
2516,-23.50848196,-46.6559322,sao paulo,SP,South Carolina,33.3389,-81.7976,3
2555,-23.49370194,-46.66807978,sao paulo,SP,South Carolina,33.5179,-81.844,4
2513,-23.51398786,-46.65575649,sao paulo,SP,South Carolina,33.5073,-81.5992,1
2562,-23.48685819,-46.6727226,sao paulo,SP,South Carolina,33.5251,-81.9394,2
2558,-23.49591712,-46.67474647,sao paulo,SP,South Dakota,45.2278,-99.7763,1
2518,-23.51071889,-46.66918662,sao paulo,SP,South Dakota,45.0123,-99.7366,2
2550,-23.50557036,-46.67170501,sao paulo,SP,South Dakota,45.1702,-99.6176,3
2513,-23.51398786,-46.65575649,sao paulo,SP,South Dakota,45.8755,-97.1073,4
2543,-23.48195833,-46.65821871,sao paulo,SP,South Dakota,45.3595,-96.6649,1
2542,-23.48334631,-46.65536011,sao paulo,SP,South Dakota,45.8659,-96.915,2
2560,-23.49372672,-46.66938745,sao paulo,SP,South Dakota,45.2657,-97.1925,3
2565,-23.48644049,-46.66821484,sao paulo,SP,South Dakota,45.5206,-97.0012,4
2517,-23.50581314,-46.66155257,sao paulo,SP,South Dakota,45.8753,-96.7174,1
2557,-23.49696982,-46.67160497,sao paulo,SP,South Dakota,45.6732,-97.0715,2
2517,-23.50702824,-46.66638545,sao paulo,SP,South Dakota,45.3521,-97.0427,1
2516,-23.50704551,-46.65875217,sao paulo,SP,South Dakota,45.4125,-96.856,2
2511,-23.50667801,-46.64581936,sao paulo,SP,South Dakota,44.021,-98.0114,3
2512,-23.51347883,-46.65658586,sao paulo,SP,South Dakota,43.8923,-98.1743,4
2544,-23.48781635,-46.66035086,sao paulo,SP,South Dakota,44.0572,-98.243,1
2519,-23.50016421,-46.64818567,sao paulo,SP,South Dakota,43.1085,-102.2006,2
2512,-23.51347883,-46.65658586,sao paulo,SP,South Dakota,43.425,-102.1765,3
2518,-23.50984807,-46.66369014,sao paulo,SP,South Dakota,43.2353,-102.4707,4
2512,-23.51260521,-46.66301694,sao paulo,SP,South Dakota,43.1886,-102.7396,1
2550,-23.50827382,-46.67287947,sao paulo,SP,South Dakota,43.1124,-102.5984,2
2555,-23.4954767,-46.66836315,sao paulo,SP,South Dakota,43.2397,-102.331,1
2516,-23.51372641,-46.66056344,sao paulo,SP,South Dakota,43.1405,-102.3657,2
2517,-23.50702824,-46.66638545,sao paulo,SP,South Dakota,45.0465,-98.3973,3
2542,-23.4861054,-46.66155438,sao paulo,SP,South Dakota,45.1635,-98.3193,4
2536,-23.49425702,-46.64641897,são paulo,SP,South Dakota,45.1393,-98.1534,1
2512,-23.51319811,-46.66184251,sao paulo,SP,South Dakota,44.8159,-98.0947,2
2508,-23.50984807,-46.66369014,sao paulo,SP,South Dakota,44.8084,-98.2935,3
2520,-23.50284477,-46.65309249,são paulo,SP,South Dakota,45.243,-98.5629,4
2517,-23.50580633,-46.66554257,sao paulo,SP,South Dakota,45.1631,-98.4824,1
2562,-23.48536056,-46.67371542,sao paulo,SP,South Dakota,45.1611,-98.6589,2
2561,-23.49190019,-46.67506316,sao paulo,SP,South Dakota,44.8719,-98.5112,1
2514,-23.51069812,-46.65449774,sao paulo,SP,South Dakota,44.7305,-98.5539,2
2518,-23.51144406,-46.66617891,sao paulo,SP,South Dakota,45.0379,-98.0996,3
2516,-23.51281875,-46.66042471,sao paulo,SP,South Dakota,44.3426,-100.4043,4
2555,-23.49568599,-46.66534314,sao paulo,SP,South Dakota,44.3703,-101.0215,1
2518,-23.50984807,-46.66369014,são paulo,SP,South Dakota,44.8393,-100.0712,2
2552,-23.49507145,-46.66398283,sao paulo,SP,South Dakota,44.7125,-100.0957,3
2518,-23.50898878,-46.66543259,sao paulo,SP,South Dakota,43.285,-100.5954,4
2551,-23.50320773,-46.67069547,sao paulo,SP,South Dakota,43.3633,-100.3809,1
2512,-23.51348581,-46.6589727,sao paulo,SP,South Dakota,43.3117,-101.0081,2
2561,-23.49275952,-46.67352177,sao paulo,SP,South Dakota,43.2328,-100.8535,1
2563,-23.49112514,-46.66117758,sao paulo,SP,South Dakota,43.1444,-100.9051,2
2513,-23.51159087,-46.65539843,sao paulo,SP,South Dakota,43.2273,-99.6933,3
2513,-23.51398786,-46.65575649,sao paulo,SP,South Dakota,43.6439,-99.6918,4
2542,-23.4861054,-46.66155438,sao paulo,SP,South Dakota,43.5596,-99.9279,1
2542,-23.48450338,-46.6568071,são paulo,SP,South Dakota,43.3318,-99.8033,2
2564,-23.48902351,-46.66623001,sao paulo,SP,South Dakota,43.4498,-100.0783,3
2523,-23.50427442,-46.65509401,sao paulo,SP,South Dakota,43.1176,-96.9636,4
2543,-23.48998747,-46.66567853,sao paulo,SP,South Dakota,43.408,-96.9827,1
2562,-23.4895379,-46.67462277,sao paulo,SP,South Dakota,43.2864,-96.9792,2
2536,-23.49864504,-46.64553966,são paulo,SP,South Dakota,43.2893,-97.1904,1
2545,-23.49249745,-46.66218286,sao paulo,SP,South Dakota,43.4188,-97.2771,2
2566,-23.48250115,-46.6673976,sao paulo,SP,South Dakota,43.5207,-97.212,3
2517,-23.50596525,-46.66155302,sao paulo,SP,South Dakota,43.402,-97.1333,4
2513,-23.51369739,-46.65597683,sao paulo,SP,South Dakota,43.1815,-97.114,1
2542,-23.4910038,-46.65897595,sao paulo,SP,South Dakota,43.0047,-96.6332,2
2537,-23.49262528,-46.65494201,sao paulo,SP,South Dakota,43.0874,-96.7813,3
2546,-23.51043662,-46.67051185,sao paulo,SP,South Dakota,42.7382,-96.687,4
2526,-23.50189037,-46.64741159,sao paulo,SP,South Dakota,42.6013,-96.5784,1
2530,-23.50098416,-46.6620651,sao paulo,SP,South Dakota,42.5249,-96.5074,2
2540,-23.48860679,-46.65767876,sao paulo,SP,South Dakota,45.3324,-100.1186,1
2514,-23.50656345,-46.65256548,sao paulo,SP,South Dakota,45.4492,-99.822,2
2545,-23.49854992,-46.66185034,sao paulo,SP,South Dakota,45.4786,-100.0541,3
2516,-23.50704551,-46.65875217,sao paulo,SP,South Dakota,45.5407,-100.4315,4
2545,-23.4981855,-46.66158,sao paulo,SP,South Dakota,45.5335,-100.2716,1
2563,-23.49112514,-46.66115508,sao paulo,SP,South Dakota,42.8835,-97.183,2
2542,-23.48304795,-46.65644832,sao paulo,SP,South Dakota,43.0394,-97.5956,3
2558,-23.49403597,-46.67326952,sao paulo,SP,South Dakota,42.9836,-97.3349,4
2566,-23.48190038,-46.66927676,sao paulo,SP,South Dakota,43.0164,-97.3694,1
2540,-23.49118461,-46.65635896,sao paulo,SP,South Dakota,42.9572,-97.1803,2
2531,-23.50008602,-46.65725985,sao paulo,SP,South Dakota,42.8821,-97.3986,1
2551,-23.50450013,-46.67048141,sao paulo,SP,Tennessee,44.6055,-101.4999,2
2530,-23.50143792,-46.65919906,sao paulo,SP,Tennessee,45.0079,-101.6337,3
2546,-23.50335667,-46.66752389,sao paulo,SP,Tennessee,36.1915,-84.0544,4
2518,-23.50984807,-46.66369014,sao paulo,SP,Tennessee,36.1626,-84.2992,1
2516,-23.50801847,-46.65680187,sao paulo,SP,Tennessee,36.0869,-84.1897,2
2514,-23.52314477,-46.6516601,sao paulo,SP,Tennessee,36.11,-84.1672,3
2564,-23.48753834,-46.6709511,sao paulo,SP,Tennessee,36.2032,-84.1386,4
2514,-23.51151721,-46.65620791,sao paulo,SP,Tennessee,36.2005,-84.0858,1
2550,-23.50832782,-46.67254647,sao paulo,SP,Tennessee,36.0159,-84.2623,2
2550,-23.50975071,-46.67099073,sao paulo,SP,Tennessee,36.106,-84.1958,1
2522,-23.50309547,-46.6590735,são paulo,SP,Tennessee,35.6381,-86.3949,2
2517,-23.50731666,-46.66488865,sao paulo,SP,Tennessee,35.4863,-86.4624,3
2565,-23.4867456,-46.66718401,sao paulo,SP,Tennessee,35.4834,-86.4603,4
2721,-23.49860739,-46.67545728,são paulo,SP,Texas,32.3266,-94.596,1
2720,-23.5013249,-46.67347283,sao paulo,SP,Texas,31.3391,-93.9993,2
2735,-23.49279835,-46.69364124,sao paulo,SP,Texas,31.0922,-93.9684,3
2731,-23.49497059,-46.69186351,sao paulo,SP,Texas,31.3161,-93.7905,4
2721,-23.50241555,-46.67644241,sao paulo,SP,Texas,31.4324,-93.8457,1
2721,-23.49754496,-46.67627057,sao paulo,SP,Texas,31.2418,-93.9754,2
2757,-23.48524407,-46.68651592,sao paulo,SP,Texas,31.2952,-94.2156,1
2725,-23.4953525,-46.679931,sao paulo,SP,Texas,31.5152,-94.1326,2
2762,-23.48399355,-46.67554534,sao paulo,SP,Texas,30.6027,-95.1086,3
2724,-23.4964803,-46.68091115,sao paulo,SP,Texas,30.7126,-95.3095,4
2712,-23.50884629,-46.68024242,são paulo,SP,Texas,30.7593,-95.2295,1
2712,-23.50490308,-46.67707049,sao paulo,SP,Texas,30.498,-94.9966,2
2712,-23.50506603,-46.67702402,sao paulo,SP,Texas,27.9125,-97.1884,3
2737,-23.4877572,-46.69063264,sao paulo,SP,Texas,27.9095,-97.1591,4
2722,-23.50157948,-46.67841273,sao paulo,SP,Texas,27.9736,-97.6761,1
2759,-23.48225864,-46.68355457,sao paulo,SP,Texas,27.9222,-97.29,2
2723,-23.50048693,-46.68101443,sao paulo,SP,Texas,27.8682,-97.2069,1
2734,-23.48885488,-46.69392146,sao paulo,SP,Texas,28.0802,-97.8097,2
2730,-23.49842383,-46.69175233,sao paulo,SP,Texas,27.9403,-97.5838,3
2735,-23.49329326,-46.69275191,sao paulo,SP,Texas,27.8935,-97.3169,4
2725,-23.50025403,-46.68274113,sao paulo,SP,Texas,28.0339,-97.5196,1
2736,-23.48974183,-46.69085873,sao paulo,SP,Texas,27.9765,-97.3966,2
2724,-23.49621831,-46.68024366,sao paulo,SP,Texas,30.9806,-98.6633,3
2751,-23.49131802,-46.68182117,sao paulo,SP,Texas,31.3003,-98.9128,4
2721,-23.50239745,-46.67820303,sao paulo,SP,Texas,31.1627,-98.7309,1
2722,-23.4993575,-46.67650099,são paulo,SP,Texas,30.8667,-100.5889,2
2727,-23.50038596,-46.68532533,são paulo,SP,Texas,32.5671,-100.8854,1
2735,-23.49212973,-46.69332325,sao paulo,SP,Texas,32.853,-101.103,2
2720,-23.48424576,-46.67401945,sao paulo,SP,Texas,32.6294,-100.7547,3
2752,-23.49420169,-46.68097813,sao paulo,SP,Texas,32.5821,-101.0021,4
2712,-23.50506603,-46.67702402,sao paulo,SP,Texas,32.7451,-100.9175,1
2728,-23.49226783,-46.68879019,sao paulo,SP,Texas,32.7179,-100.9176,2
2710,-23.50547606,-46.67409302,sao paulo,SP,Texas,32.719,-99.3196,3
2733,-23.49527381,-46.69351482,sao paulo,SP,Texas,32.5549,-99.1656,4
2712,-23.50490308,-46.67707049,sao paulo,SP,Texas,31.7865,-94.1869,1
2712,-23.50488555,-46.67640965,sao paulo,SP,Texas,31.944,-94.0608,2
2754,-23.48819628,-46.67667001,são paulo,SP,Texas,31.7131,-93.9698,1
2737,-23.4879729,-46.6909394,sao paulo,SP,Texas,31.9408,-94.2488,2
2734,-23.48889982,-46.69402984,são paulo,SP,Texas,31.8841,-94.3967,3
2726,-23.49890086,-46.68721105,sao paulo,SP,Texas,36.5055,-101.7829,4
2735,-23.49215088,-46.69494508,são paulo,SP,Texas,36.3335,-101.9886,1
2712,-23.50506603,-46.67702402,sao paulo,SP,Texas,32.3254,-95.2922,2
2721,-23.49860739,-46.67545728,sao paulo,SP,Texas,32.362,-95.3117,3
2712,-23.50490308,-46.67707049,sao paulo,SP,Texas,32.2768,-95.3031,4
2734,-23.4888552,-46.69394615,são paulo,SP,Texas,32.3738,-95.407,1
2710,-23.50594069,-46.67320801,são paulo,SP,Texas,32.3766,-95.1252,2
2755,-23.48904408,-46.67936825,sao paulo,SP,Texas,32.4441,-95.331,1
2721,-23.47828897,-46.67186538,sao paulo,SP,Texas,32.3038,-95.1927,2
2739,-23.47442356,-46.67114164,sao paulo,SP,Texas,32.419,-95.2106,3
2723,-23.50350174,-46.68121119,sao paulo,SP,Texas,32.3078,-95.3956,4
2722,-23.50090088,-46.67653676,sao paulo,SP,Texas,32.3475,-95.3065,1
2733,-23.49624626,-46.69731744,sao paulo,SP,Texas,32.3513,-95.3011,2
2734,-23.49509817,-46.69760477,sao paulo,SP,Texas,32.4112,-95.2899,3
2715,-23.50504256,-46.68849067,sao paulo,SP,Texas,32.4112,-95.2899,4
2728,-23.4920416,-46.68801769,sao paulo,SP,Texas,32.2418,-95.0639,1
2725,-23.49555233,-46.67807921,sao paulo,SP,Texas,32.1095,-95.3342,2
2758,-23.48309759,-46.68543865,sao paulo,SP,Texas,32.2079,-95.3948,1
2733,-23.4938434,-46.69447037,são paulo,SP,Texas,32.5062,-95.4006,2
2734,-23.48826475,-46.69338012,sao paulo,SP,Texas,32.1117,-95.1155,3
2722,-23.50292614,-46.68379365,sao paulo,SP,Texas,32.222,-95.2266,4
2759,-23.48311306,-46.68112167,sao paulo,SP,Texas,32.4662,-95.1246,1
2712,-23.50925642,-46.67851029,sao paulo,SP,Texas,32.4112,-95.2899,2
2721,-23.49860739,-46.67545728,sao paulo,SP,Texas,32.4112,-95.2899,3
2756,-23.48612279,-46.67776086,sao paulo,SP,Texas,32.2298,-97.7629,4
2714,-23.50458463,-46.68450923,sao paulo,SP,Texas,32.2713,-97.6567,1
2731,-23.49675227,-46.69330238,sao paulo,SP,Texas,32.2812,-97.7065,2
2859,-23.44306691,-46.708175,sao paulo,SP,Virginia,37.7159,-75.6803,1
2855,-23.45815381,-46.69976162,sao paulo,SP,Virginia,37.8658,-75.5277,2
2802,-23.48381025,-46.69528157,sao paulo,SP,Virginia,37.9073,-75.5089,3
2810,-23.43857891,-46.71727226,sao paulo,SP,Virginia,37.5645,-75.8694,4
2805,-23.47754599,-46.69788192,sao paulo,SP,Virginia,36.7957,-76.0126,1
2851,-23.45983568,-46.6917697,sao paulo,SP,Virginia,38.0774,-78.9035,2
2882,-23.47431796,-46.67012361,sao paulo,SP,Virginia,37.3105,-76.7468,3
2837,-23.462982,-46.70131405,são paulo,SP,Virginia,37.3105,-76.7468,4
2804,-23.48101481,-46.69776688,sao paulo,SP,Vermont,39.1858,-78.1827,1
2803,-23.48700741,-46.69317692,sao paulo,SP,Vermont,39.1676,-78.1686,2
2879,-23.44966967,-46.69772271,sao paulo,SP,Vermont,44.146,-73.0717,1
2809,-23.47059089,-46.70108768,sao paulo,SP,Vermont,44.2056,-73.2462,2
2855,-23.45648214,-46.69907015,sao paulo,SP,Vermont,44.2404,-73.1347,3
2844,-23.47167462,-46.68779325,sao paulo,SP,Vermont,44.1126,-73.1735,4
2847,-23.46693221,-46.68970099,são paulo,SP,Vermont,44.2595,-73.2112,1
2808,-23.46975177,-46.7020629,sao paulo,SP,Vermont,44.2261,-73.0157,2
2849,-23.46599055,-46.68660347,sao paulo,SP,Vermont,44.1326,-73.2793,3
2846,-23.46575825,-46.69585768,sao paulo,SP,Vermont,44.0846,-72.7202,4
2847,-23.46767742,-46.68776745,sao paulo,SP,Vermont,43.9538,-73.3476,1
2801,-23.48714788,-46.69813565,sao paulo,SP,Vermont,43.9734,-73.1062,2
2844,-23.47167462,-46.68779325,sao paulo,SP,Vermont,43.9849,-72.8245,1
2873,-23.45617803,-46.68473099,sao paulo,SP,Vermont,43.9125,-72.9133,2
2883,-23.43853592,-46.71599886,sao paulo,SP,Vermont,43.9919,-73.1716,3
2859,-23.43972206,-46.70871359,sao paulo,SP,Vermont,43.7837,-73.2949,4
2866,-23.46724497,-46.67909749,sao paulo,SP,Vermont,43.338,-72.5277,1
2853,-23.45954079,-46.69551311,sao paulo,SP,Vermont,43.3879,-72.5038,2
2846,-23.4614273,-46.69896373,sao paulo,SP,Vermont,43.3823,-72.6384,3
2813,-23.44948139,-46.71200076,são paulo,SP,Vermont,43.3034,-72.4778,4
2870,-23.45917084,-46.67656256,sao paulo,SP,Vermont,43.2941,-72.7935,1
2846,-23.46396048,-46.6982241,sao paulo,SP,Vermont,43.7784,-72.699,2
2801,-23.4848551,-46.70008893,sao paulo,SP,Washington,43.8804,-72.8159,1
2839,-23.47921088,-46.68311699,sao paulo,SP,Washington,43.7738,-72.7814,2
2856,-23.4539388,-46.69674718,são paulo,SP,Washington,46.8591,-118.1611,3
2968,-23.4799459,-46.70753748,sao paulo,SP,Wisconsin,44.4507,-89.5428,4
2995,-23.43877166,-46.74028394,sao paulo,SP,Wisconsin,44.6622,-89.3356,1
2996,-23.44310197,-46.73921448,sao paulo,SP,Wisconsin,44.5212,-89.5588,2
2951,-23.47316832,-46.72389203,sao paulo,SP,Wisconsin,44.5563,-89.5182,3
2934,-23.48715376,-46.70504042,sao paulo,SP,Wisconsin,44.5094,-89.5286,4
2915,-23.50201415,-46.70019373,sao paulo,SP,Wisconsin,44.2898,-89.3584,1
2976,-23.47255599,-46.71555988,sao paulo,SP,Wisconsin,44.3065,-89.5304,2
2936,-23.48786235,-46.71813943,são paulo,SP,Wisconsin,45.4392,-90.2565,1
2990,-23.42869819,-46.72767485,sao paulo,SP,Wisconsin,45.5514,-90.116,2
2966,-23.47233982,-46.71000532,sao paulo,SP,Wisconsin,45.5081,-90.5146,3
2915,-23.48936125,-46.72313743,sao paulo,SP,Wisconsin,45.8143,-90.453,4
2912,-23.50654417,-46.71170832,são paulo,SP,Wisconsin,45.535,-90.591,1
2927,-23.49647508,-46.70553536,sao paulo,SP,Wisconsin,45.9363,-90.4246,2
2970,-23.48195965,-46.71534274,sao paulo,SP,Wisconsin,45.6975,-90.4041,3
2992,-23.44798245,-46.72671327,sao paulo,SP,Wisconsin,45.5482,-90.2942,4
2967,-23.4815559,-46.70474365,sao paulo,SP,Wisconsin,42.666,-88.2749,1
2925,-23.50268529,-46.69737597,sao paulo,SP,Wisconsin,42.8295,-87.9228,2
2929,-23.49307104,-46.7046112,sao paulo,SP,Wisconsin,44.6378,-90.0136,1
2998,-23.43565983,-46.73471178,são paulo,SP,Wisconsin,44.3031,-90.0986,2
2998,-23.4403793,-46.72363707,sao paulo,SP,Wisconsin,44.6191,-89.9186,3
2984,-23.44606748,-46.71997205,sao paulo,SP,Wisconsin,44.6437,-90.1031,4
2994,-23.4558186,-46.73660757,sao paulo,SP,Wisconsin,44.6615,-90.1784,1
2992,-23.4473012,-46.73214518,sao paulo,SP,Wisconsin,44.6044,-89.8875,2
2961,-23.49442381,-46.70057617,sao paulo,SP,Wisconsin,44.282,-89.8814,3
2998,-23.43904729,-46.73115608,sao paulo,SP,Wisconsin,44.4375,-90.1892,4
2998,-23.44062769,-46.72250811,sao paulo,SP,Wisconsin,44.3497,-89.8652,1
2925,-23.50263218,-46.69767822,sao paulo,SP,Wisconsin,44.6689,-90.1718,2
2955,-23.46826439,-46.71973711,são paulo,SP,Wisconsin,44.4741,-89.8003,1
2913,-23.50406152,-46.71287652,sao paulo,SP,Wisconsin,44.4677,-89.9826,2
2995,-23.43783536,-46.74021302,sao paulo,SP,West Virginia,44.3758,-89.8062,3
2987,-23.42726924,-46.71459382,sao paulo,SP,West Virginia,44.3881,-89.9228,4
2936,-23.48480916,-46.71879569,sao paulo,SP,West Virginia,39.0784,-80.1354,1
2951,-23.47323216,-46.72349104,sao paulo,SP,West Virginia,39.0244,-79.9495,2
2959,-23.49565188,-46.70201783,sao paulo,SP,West Virginia,38.9784,-79.9494,3
2952,-23.4676333,-46.71606621,sao paulo,SP,West Virginia,39.2318,-80.122,4
2933,-23.49421551,-46.71128346,são paulo,SP,West Virginia,39.2234,-79.9017,1
2940,-23.48086127,-46.72313177,sao paulo,SP,West Virginia,39.1613,-80.0492,2
2977,-23.47418594,-46.71332414,sao paulo,SP,West Virginia,39.4567,-77.9727,1
